{"execution_time": {"mean": 0.006049189317106155, "median": 1.0000000000000002e-06, "std": 0.025621469424298403, "min": 1.0000000000000002e-06, "max": 0.33309700000000003, "sum": 17.893502000000005, "sample_size": 2958}}