{"experiment": {"mean": 0.06396572137475971, "std": 0.003406479718790965, "min": 0.044197144849999995, "max": 0.07008379387000001, "sample_size": 77}, "background": {"mean": 0.03652897001105534, "std": 0.0009046514650500629, "min": 0.0359359496, "max": 0.044197144849999995, "sample_size": 125}, "difference": {"mean": 0.027436751363704374, "std": 0.003524556475324434}}