{"execution_time": {"mean": 0.011151780255422662, "median": 3e-06, "std": 0.06882185789026274, "min": 2.0000000000000003e-06, "max": 1.1175810000000002, "sum": 55.011731999999995, "sample_size": 4933}}