{"experiment": {"mean": 0.049905123844502706, "std": 0.0036789644369137585, "min": 0.044528677360000005, "max": 0.0622170204938889, "sample_size": 187}, "background": {"mean": 0.036795622988788905, "std": 0.0007760585323811973, "min": 0.036222366115, "max": 0.04516039394933333, "sample_size": 133}, "difference": {"mean": 0.013109500855713802, "std": 0.003759926352172051}}