{"execution_time": {"mean": 0.021995360846560848, "median": 5e-06, "std": 0.09593796273208763, "min": 4.000000000000001e-06, "max": 1.280299, "sum": 62.356848, "sample_size": 2835}}