{"experiment": {"mean": 0.04456348746183255, "std": 0.0038653739412958816, "min": 0.040282062625, "max": 0.05775688089, "sample_size": 146}, "background": {"mean": 0.03696217346572044, "std": 0.00042186005834274185, "min": 0.036444386742, "max": 0.040807854648, "sample_size": 114}, "difference": {"mean": 0.007601313996112108, "std": 0.003888326325666893}}