{"execution_time": {"mean": 0.0029601891625615764, "median": 1.0000000000000002e-06, "std": 0.01783285962464778, "min": 0.0, "max": 0.300354, "sum": 12.018368, "sample_size": 4060}}