{"experiment": {"mean": 0.10014050290202743, "std": 0.013092540785416348, "min": 0.05717466122111097, "max": 0.11509368110250001, "sample_size": 81}, "background": {"mean": 0.03614225851339816, "std": 0.00212843466963057, "min": 0.03534634814077776, "max": 0.05717466122111097, "sample_size": 126}, "difference": {"mean": 0.06399824438862928, "std": 0.013264420769889498}}