{"execution_time": {"mean": 0.011142209876543208, "median": 3e-06, "std": 0.0695599580316419, "min": 2.0000000000000003e-06, "max": 1.117639, "sum": 62.27381099999999, "sample_size": 5589}}