{"experiment": {"mean": 0.05023381824173007, "std": 0.0039393468808700625, "min": 0.0430477053, "max": 0.060596149880000005, "sample_size": 201}, "background": {"mean": 0.036844277481791664, "std": 0.0005703061798302074, "min": 0.036270837868833325, "max": 0.04464816700666666, "sample_size": 231}, "difference": {"mean": 0.01338954075993841, "std": 0.003980414926433325}}