{"execution_time": {"mean": 0.002996819582404217, "median": 1.0000000000000002e-06, "std": 0.018494345957882907, "min": 0.0, "max": 0.30034700000000003, "sum": 14.783311000000001, "sample_size": 4933}}