{"experiment": {"mean": 0.10118124780065849, "std": 0.009866121543296351, "min": 0.0624210135, "max": 0.1143798195, "sample_size": 77}, "background": {"mean": 0.036317143223428154, "std": 0.0026237278780158217, "min": 0.035440794927999994, "max": 0.0624210135, "sample_size": 126}, "difference": {"mean": 0.06486410457723032, "std": 0.01020903042825193}}