{"execution_time": {"mean": 0.021831862458471765, "median": 5e-06, "std": 0.12661020298177564, "min": 4.000000000000001e-06, "max": 2.2097890000000002, "sum": 65.71390600000001, "sample_size": 3010}}