{"experiment": {"mean": 0.04419234549438477, "std": 0.004690297738149422, "min": 0.039565638462, "max": 0.06254684035277777, "sample_size": 157}, "background": {"mean": 0.03665268460991162, "std": 0.0011004457805419085, "min": 0.03602037305, "max": 0.04952068518166671, "sample_size": 145}, "difference": {"mean": 0.007539660884473151, "std": 0.004817662689354878}}