{"execution_time": {"mean": 0.02202815003233456, "median": 5e-06, "std": 0.12943470578734137, "min": 4.000000000000001e-06, "max": 2.209719, "sum": 102.18858800000001, "sample_size": 4639}}