{"experiment": {"mean": 0.04395066794245057, "std": 0.004527137516627149, "min": 0.0395493942962222, "max": 0.060670216889999996, "sample_size": 283}, "background": {"mean": 0.03647778826647177, "std": 0.0007610890250123905, "min": 0.035907687525, "max": 0.04480857591466666, "sample_size": 137}, "difference": {"mean": 0.0074728796759787955, "std": 0.004590667772606436}}