{"execution_time": {"mean": 0.002993175037723648, "median": 1.0000000000000002e-06, "std": 0.017588473291889627, "min": 0.0, "max": 0.30034700000000003, "sum": 13.885339000000002, "sample_size": 4639}}