{"experiment": {"mean": 0.10082675084455751, "std": 0.0115025638900986, "min": 0.06976596372, "max": 0.11520592919999999, "sample_size": 84}, "background": {"mean": 0.03686603557600602, "std": 0.007996231044590716, "min": 0.035388702237777674, "max": 0.11234590587750001, "sample_size": 94}, "difference": {"mean": 0.06396071526855149, "std": 0.014008878861788926}}