{"execution_time": {"mean": 0.006044625484120837, "median": 1.0000000000000002e-06, "std": 0.031117882778141696, "min": 1.0000000000000002e-06, "max": 0.43631000000000003, "sum": 31.214446000000002, "sample_size": 5164}}