{"experiment": {"mean": 0.06397709059032644, "std": 0.002913581963756705, "min": 0.04370582138, "max": 0.067522953135, "sample_size": 135}, "background": {"mean": 0.03665542994213214, "std": 0.000661826636269692, "min": 0.036069820688, "max": 0.04370582138, "sample_size": 132}, "difference": {"mean": 0.0273216606481943, "std": 0.0029878042700291515}}