{"execution_time": {"mean": 0.022032755604883467, "median": 5e-06, "std": 0.11538049060010049, "min": 4.000000000000001e-06, "max": 2.209768, "sum": 99.25756400000002, "sample_size": 4505}}