{"experiment": {"mean": 0.04363105948118683, "std": 0.0035800731605862886, "min": 0.039457895346, "max": 0.05770672985999999, "sample_size": 246}, "background": {"mean": 0.036598492240398274, "std": 0.0010351375255558235, "min": 0.0358929714575, "max": 0.044977012555, "sample_size": 87}, "difference": {"mean": 0.007032567240788559, "std": 0.003726718869456634}}