{"execution_time": {"mean": 0.022031429318357866, "median": 5e-06, "std": 0.11341429452501846, "min": 4.000000000000001e-06, "max": 1.5896800000000002, "sum": 113.77030100000002, "sample_size": 5164}}