{"experiment": {"mean": 0.043636413306742325, "std": 0.003847225705431556, "min": 0.039647221796, "max": 0.059108170499999994, "sample_size": 303}, "background": {"mean": 0.036595353392106206, "std": 0.0007777009845285401, "min": 0.035989878734999994, "max": 0.04399051231, "sample_size": 102}, "difference": {"mean": 0.007041059914636119, "std": 0.003925043241783457}}