{"execution_time": {"mean": 0.022054561727143727, "median": 5e-06, "std": 0.13609776545834526, "min": 4.000000000000001e-06, "max": 2.20966, "sum": 108.795153, "sample_size": 4933}}