{"experiment": {"mean": 0.04327322118636312, "std": 0.0043026273031600325, "min": 0.039243473471999996, "max": 0.058733958111111144, "sample_size": 262}, "background": {"mean": 0.03618189229908453, "std": 0.0006760714754392566, "min": 0.035612821450000005, "max": 0.0429292796, "sample_size": 118}, "difference": {"mean": 0.007091328887278592, "std": 0.004355418963750879}}