{"execution_time": {"mean": 0.00603436684303351, "median": 1.0000000000000002e-06, "std": 0.02632069287104512, "min": 1.0000000000000002e-06, "max": 0.351238, "sum": 17.10743, "sample_size": 2835}}