{"experiment": {"mean": 0.06392219238129587, "std": 0.0033368089176001093, "min": 0.04481320506, "max": 0.071959614, "sample_size": 69}, "background": {"mean": 0.03664364861469522, "std": 0.00160008857644849, "min": 0.0360281951315, "max": 0.05447081900611109, "sample_size": 129}, "difference": {"mean": 0.027278543766600653, "std": 0.003700618489530712}}