{"execution_time": {"mean": 0.002994692979265187, "median": 1.0000000000000002e-06, "std": 0.017754280060369235, "min": 0.0, "max": 0.30038400000000004, "sum": 16.464821999999998, "sample_size": 5498}}