{"experiment": {"mean": 0.09967848163704171, "std": 0.012312238893710761, "min": 0.052662802380000005, "max": 0.11414246247, "sample_size": 84}, "background": {"mean": 0.03633370531665833, "std": 0.004550479132044294, "min": 0.03536861453700001, "max": 0.08407853750000001, "sample_size": 114}, "difference": {"mean": 0.06334477632038338, "std": 0.013126236585822099}}