{"execution_time": {"mean": 0.0060437975856865705, "median": 1.0000000000000002e-06, "std": 0.035514661356618904, "min": 1.0000000000000002e-06, "max": 0.6064240000000001, "sum": 28.037177, "sample_size": 4639}}