{"experiment": {"mean": 0.06347079479891027, "std": 0.0028018463076868636, "min": 0.04386827112, "max": 0.06832951042999999, "sample_size": 124}, "background": {"mean": 0.036695751885358154, "std": 0.000840474360103831, "min": 0.03607876216000001, "max": 0.04386827112, "sample_size": 133}, "difference": {"mean": 0.026775042913552115, "std": 0.002925190571892788}}