{"execution_time": {"mean": 0.0029957849898580124, "median": 1.0000000000000002e-06, "std": 0.012688892819570924, "min": 0.0, "max": 0.16492900000000002, "sum": 8.861532, "sample_size": 2958}}