{"experiment": {"mean": 0.09927101685190025, "std": 0.009114000514096332, "min": 0.0645457798125, "max": 0.1122858548, "sample_size": 44}, "background": {"mean": 0.03612403621315963, "std": 0.0030313056938657567, "min": 0.035211250799999996, "max": 0.0645457798125, "sample_size": 107}, "difference": {"mean": 0.06314698063874062, "std": 0.00960488519351539}}