{"execution_time": {"mean": 0.021784920935960593, "median": 5e-06, "std": 0.13123043841127366, "min": 4.000000000000001e-06, "max": 2.209817, "sum": 88.446779, "sample_size": 4060}}