{"experiment": {"mean": 0.043564681437139895, "std": 0.003917603269885093, "min": 0.03920390473, "max": 0.05960968004629611, "sample_size": 229}, "background": {"mean": 0.036675024028325336, "std": 0.0011386481425231013, "min": 0.03602778996, "max": 0.04669646392500001, "sample_size": 87}, "difference": {"mean": 0.006889657408814559, "std": 0.004079722413680333}}