{"execution_time": {"mean": 0.011139145623547637, "median": 3e-06, "std": 0.05734452685305609, "min": 2.0000000000000003e-06, "max": 0.8039890000000001, "sum": 57.522548, "sample_size": 5164}}