{"experiment": {"mean": 0.049564237454402645, "std": 0.0031340774237767943, "min": 0.04189736662, "max": 0.05921282914999999, "sample_size": 164}, "background": {"mean": 0.03689661206799186, "std": 0.0006197660196237705, "min": 0.036271170006555546, "max": 0.04189736662, "sample_size": 121}, "difference": {"mean": 0.012667625386410787, "std": 0.0031947693527557947}}