{"execution_time": {"mean": 0.011143499818115677, "median": 3e-06, "std": 0.06606433986736489, "min": 2.0000000000000003e-06, "max": 1.11762, "sum": 61.26696199999999, "sample_size": 5498}}