{"experiment": {"mean": 0.04912156762321075, "std": 0.0034508156095533894, "min": 0.040855002925, "max": 0.05921954181, "sample_size": 181}, "background": {"mean": 0.03683762116637374, "std": 0.0004922798009337151, "min": 0.0362159684202778, "max": 0.040855002925, "sample_size": 119}, "difference": {"mean": 0.01228394645683701, "std": 0.0034857521101685743}}