{"execution_time": {"mean": 0.02203912841033103, "median": 5e-06, "std": 0.13065258663191004, "min": 4.000000000000001e-06, "max": 2.2097830000000003, "sum": 121.17112800000001, "sample_size": 5498}}