{"experiment": {"mean": 0.04418468766853331, "std": 0.004463827854068691, "min": 0.039589248519999835, "max": 0.060996132069999834, "sample_size": 328}, "background": {"mean": 0.03656368386890866, "std": 0.0009822767254029953, "min": 0.0360043008, "max": 0.04458795541199995, "sample_size": 73}, "difference": {"mean": 0.007621003799624652, "std": 0.004570626508043282}}