{"execution_time": {"mean": 0.011038685714285715, "median": 3e-06, "std": 0.0640219923767131, "min": 2.0000000000000003e-06, "max": 1.1175950000000001, "sum": 33.226444, "sample_size": 3010}}