{"experiment": {"mean": 0.04946940219331898, "std": 0.0034658883179813993, "min": 0.041824440785, "max": 0.0605410730888887, "sample_size": 101}, "background": {"mean": 0.03686298122650604, "std": 0.0010779195836291477, "min": 0.036211984127999995, "max": 0.048442213794722105, "sample_size": 124}, "difference": {"mean": 0.012606420966812942, "std": 0.0036296408171458466}}