{"execution_time": {"mean": 0.0029936253052164265, "median": 1.0000000000000002e-06, "std": 0.015677613834872914, "min": 0.0, "max": 0.30030700000000005, "sum": 13.486282000000001, "sample_size": 4505}}