{"experiment": {"mean": 0.0990975486228004, "std": 0.011741894596629533, "min": 0.057799127515, "max": 0.11475451956, "sample_size": 90}, "background": {"mean": 0.03641446333729686, "std": 0.002920854884786312, "min": 0.03544243726666635, "max": 0.057799127515, "sample_size": 86}, "difference": {"mean": 0.06268308528550354, "std": 0.012099730657181503}}