{"execution_time": {"mean": 0.006051243462396107, "median": 1.0000000000000002e-06, "std": 0.037345217946464004, "min": 1.0000000000000002e-06, "max": 0.6065320000000001, "sum": 29.850783999999997, "sample_size": 4933}}