{"experiment": {"mean": 0.06292660249868466, "std": 0.003906128153982906, "min": 0.04239176592, "max": 0.0672936475, "sample_size": 129}, "background": {"mean": 0.036601054221423616, "std": 0.0006244417206893045, "min": 0.036061951530000004, "max": 0.04239176592, "sample_size": 122}, "difference": {"mean": 0.026325548277261045, "std": 0.003955725548856407}}