{"execution_time": {"mean": 0.011139851498335181, "median": 3e-06, "std": 0.05833928864464305, "min": 2.0000000000000003e-06, "max": 1.117604, "sum": 50.185030999999995, "sample_size": 4505}}