{"experiment": {"mean": 0.05008981139584358, "std": 0.003265036171823188, "min": 0.04261923865, "max": 0.059043455055, "sample_size": 169}, "background": {"mean": 0.03699672969185629, "std": 0.0006073136567075241, "min": 0.036344483292, "max": 0.04261923865, "sample_size": 121}, "difference": {"mean": 0.013093081703987292, "std": 0.0033210376512375285}}