{"execution_time": {"mean": 0.011015339162561576, "median": 3e-06, "std": 0.06635943000267457, "min": 2.0000000000000003e-06, "max": 1.117675, "sum": 44.722277, "sample_size": 4060}}