{"experiment": {"mean": 0.04961616186642142, "std": 0.0035393527657097638, "min": 0.042612930204, "max": 0.058695367500000005, "sample_size": 143}, "background": {"mean": 0.03673615899542386, "std": 0.0006054221371589461, "min": 0.03620641834188891, "max": 0.042612930204, "sample_size": 113}, "difference": {"mean": 0.01288000287099756, "std": 0.0035907595247105396}}