{"execution_time": {"mean": 0.0029942592592592594, "median": 1.0000000000000002e-06, "std": 0.018692680565349788, "min": 0.0, "max": 0.300356, "sum": 16.734915, "sample_size": 5589}}