{"experiment": {"mean": 0.09881791427341224, "std": 0.009953913079892551, "min": 0.06207132672, "max": 0.11369155847500002, "sample_size": 107}, "background": {"mean": 0.03632545580187018, "std": 0.0035279469187380415, "min": 0.035382622112500005, "max": 0.07100320332, "sample_size": 101}, "difference": {"mean": 0.06249245847154206, "std": 0.010560624747783118}}