{"execution_time": {"mean": 0.005990250830564785, "median": 1.0000000000000002e-06, "std": 0.03474178404159315, "min": 1.0000000000000002e-06, "max": 0.606492, "sum": 18.030655000000003, "sample_size": 3010}}