{"experiment": {"mean": 0.0626836264514927, "std": 0.004226609299256088, "min": 0.042642627093, "max": 0.067692140285, "sample_size": 81}, "background": {"mean": 0.036590858675899084, "std": 0.000724221311667201, "min": 0.035933442335, "max": 0.042642627093, "sample_size": 98}, "difference": {"mean": 0.026092767775593613, "std": 0.004288207396667167}}