{"execution_time": {"mean": 0.002988398589065256, "median": 1.0000000000000002e-06, "std": 0.013034499961086583, "min": 0.0, "max": 0.173987, "sum": 8.47211, "sample_size": 2835}}