{"experiment": {"mean": 0.09729480125683723, "std": 0.010199934581939957, "min": 0.06038395147, "max": 0.11244294262944439, "sample_size": 57}, "background": {"mean": 0.03599820161507736, "std": 0.0026448576684926705, "min": 0.0351407121065, "max": 0.06038395147, "sample_size": 110}, "difference": {"mean": 0.061296599641759875, "std": 0.010537264235200669}}