{"execution_time": {"mean": 0.011138007329165768, "median": 3e-06, "std": 0.0654500765004123, "min": 2.0000000000000003e-06, "max": 1.117709, "sum": 51.669216, "sample_size": 4639}}