{"experiment": {"mean": 0.04938311443517214, "std": 0.003277967331148853, "min": 0.04353030731083325, "max": 0.059814913045, "sample_size": 170}, "background": {"mean": 0.03699269116510331, "std": 0.0009096667321860355, "min": 0.03635749848, "max": 0.0465970966175, "sample_size": 133}, "difference": {"mean": 0.012390423270068833, "std": 0.003401847055310564}}