{"execution_time": {"mean": 0.011120383068783069, "median": 3e-06, "std": 0.04850409604352286, "min": 2.0000000000000003e-06, "max": 0.6473840000000001, "sum": 31.526286, "sample_size": 2835}}