{"experiment": {"mean": 0.048807780100694975, "std": 0.002321348968836857, "min": 0.040235329875, "max": 0.05599649985, "sample_size": 109}, "background": {"mean": 0.03681607012844642, "std": 0.000829532801258489, "min": 0.036204600036000005, "max": 0.046483715587499995, "sample_size": 156}, "difference": {"mean": 0.011991709972248556, "std": 0.0024651137303345044}}