{"execution_time": {"mean": 0.02203549114331723, "median": 5e-06, "std": 0.13755705699632081, "min": 4.000000000000001e-06, "max": 2.20986, "sum": 123.15636, "sample_size": 5589}}