{"experiment": {"mean": 0.0436760813541795, "std": 0.004546962773279702, "min": 0.039319680399999675, "max": 0.05967695291749999, "sample_size": 327}, "background": {"mean": 0.03649359571340535, "std": 0.0009812249388293944, "min": 0.03587754853199999, "max": 0.046132745679, "sample_size": 105}, "difference": {"mean": 0.007182485640774144, "std": 0.004651631202295834}}