{"execution_time": {"mean": 0.022049419878296145, "median": 5e-06, "std": 0.09339032606615899, "min": 4.000000000000001e-06, "max": 1.213897, "sum": 65.222184, "sample_size": 2958}}