{"experiment": {"mean": 0.045313348048253106, "std": 0.00381103696939665, "min": 0.04003851120761863, "max": 0.057698783999999996, "sample_size": 162}, "background": {"mean": 0.03692760705185061, "std": 0.0005264254488381562, "min": 0.036304599411000005, "max": 0.041800887972, "sample_size": 109}, "difference": {"mean": 0.008385740996402498, "std": 0.003847223224000975}}