{"execution_time": {"mean": 0.011147722109533468, "median": 3e-06, "std": 0.04721710347687459, "min": 2.0000000000000003e-06, "max": 0.613859, "sum": 32.974962, "sample_size": 2958}}