{"experiment": {"mean": 0.04894499954980509, "std": 0.002782831648615017, "min": 0.040865045684, "max": 0.05616751232500001, "sample_size": 114}, "background": {"mean": 0.03678816867952556, "std": 0.00044880750894252757, "min": 0.03617021454266667, "max": 0.040865045684, "sample_size": 148}, "difference": {"mean": 0.012156830870279536, "std": 0.0028187905499729086}}