{"execution_time": {"mean": 0.0029666073089700995, "median": 1.0000000000000002e-06, "std": 0.017205184212534645, "min": 0.0, "max": 0.30035300000000004, "sum": 8.929488, "sample_size": 3010}}