{"experiment": {"mean": 0.09636687562077333, "std": 0.012106901583491397, "min": 0.06413195591500001, "max": 0.11182892081555534, "sample_size": 50}, "background": {"mean": 0.03616927370421867, "std": 0.0036620517405041683, "min": 0.03520623044666666, "max": 0.0702103229366665, "sample_size": 89}, "difference": {"mean": 0.060197601916554655, "std": 0.012648623992453728}}