{"execution_time": {"mean": 0.005977377832512316, "median": 1.0000000000000002e-06, "std": 0.03600976223361944, "min": 1.0000000000000002e-06, "max": 0.60653, "sum": 24.268154000000003, "sample_size": 4060}}