{"experiment": {"mean": 0.06354399577492736, "std": 0.0031697326321170997, "min": 0.043196906169999785, "max": 0.06686670191666665, "sample_size": 105}, "background": {"mean": 0.036653651966403064, "std": 0.0006919704500873273, "min": 0.03603966931396823, "max": 0.043196906169999785, "sample_size": 104}, "difference": {"mean": 0.0268903438085243, "std": 0.003244384080669558}}