{"execution_time": {"mean": 0.006047014005092762, "median": 1.0000000000000002e-06, "std": 0.03585050397620137, "min": 1.0000000000000002e-06, "max": 0.606487, "sum": 33.246483000000005, "sample_size": 5498}}