{"experiment": {"mean": 0.0635395096033896, "std": 0.0026151676585398254, "min": 0.047449892943703637, "max": 0.06818248237499998, "sample_size": 129}, "background": {"mean": 0.03649121597519449, "std": 0.0009674091902067003, "min": 0.03580410317, "max": 0.047449892943703637, "sample_size": 139}, "difference": {"mean": 0.027048293628195108, "std": 0.0027883655469771278}}