{"execution_time": {"mean": 0.0060448312985571595, "median": 1.0000000000000002e-06, "std": 0.03165708044275282, "min": 1.0000000000000002e-06, "max": 0.6064090000000001, "sum": 27.231965000000002, "sample_size": 4505}}