{"experiment": {"mean": 0.06396337223200393, "std": 0.0031253914676226294, "min": 0.04420263780666665, "max": 0.06866407882, "sample_size": 119}, "background": {"mean": 0.036695449662387476, "std": 0.0008937071341635155, "min": 0.036035747364999995, "max": 0.04420263780666665, "sample_size": 124}, "difference": {"mean": 0.027267922569616458, "std": 0.0032506590512606974}}