{"execution_time": {"mean": 0.0060461277509393455, "median": 1.0000000000000002e-06, "std": 0.037745722993440776, "min": 1.0000000000000002e-06, "max": 0.6065130000000001, "sum": 33.791808, "sample_size": 5589}}