{"experiment": {"mean": 0.06314569828601058, "std": 0.003016473990453519, "min": 0.044522931948, "max": 0.06797846154000001, "sample_size": 147}, "background": {"mean": 0.03664841079635273, "std": 0.0008210218273602167, "min": 0.036048292896, "max": 0.044522931948, "sample_size": 130}, "difference": {"mean": 0.026497287489657843, "std": 0.0031262105137185637}}