{"execution_time": {"mean": 0.002993559837335399, "median": 1.0000000000000002e-06, "std": 0.015410758062814448, "min": 0.0, "max": 0.21607200000000001, "sum": 15.458743000000002, "sample_size": 5164}}