{"experiment": {"mean": 0.09857965851801297, "std": 0.01122085633112668, "min": 0.062902447, "max": 0.11429494640000001, "sample_size": 75}, "background": {"mean": 0.03622782822074736, "std": 0.00262260644535033, "min": 0.035413530964, "max": 0.062902447, "sample_size": 109}, "difference": {"mean": 0.062351830297265605, "std": 0.011523266957377095}}